family,dose,rule,caught,n,tpr_pct,ci95_low_pct,ci95_high_pct,conclusion,n_behaviour_inert,median_f1_relative_drop_pct
substitution,0.10,refdiv_mean_clean,13,99,13.13,7.84,21.18,measured,88,0
substitution,0.10,ctc_mean_clean,4,99,4.04,1.58,9.93,measured,88,0
substitution,0.25,refdiv_mean_clean,45,94,47.87,38.06,57.85,measured,40,19.16
substitution,0.25,ctc_mean_clean,2,94,2.13,0.59,7.43,measured,40,19.16
substitution,0.50,refdiv_mean_clean,59,63,93.65,84.78,97.5,measured,6,94.5
substitution,0.50,ctc_mean_clean,2,63,3.17,0.87,10.86,measured,6,94.5
substitution,1.00,refdiv_mean_clean,7,7,100.0,64.57,100.0,insufficient_denominator,0,98.68
substitution,1.00,ctc_mean_clean,7,7,100.0,64.57,100.0,insufficient_denominator,0,98.68
weight_tamper,0.10,refdiv_mean_clean,7,99,7.07,3.47,13.88,measured,73,5.25
weight_tamper,0.10,ctc_mean_clean,5,99,5.05,2.18,11.28,measured,73,5.25
weight_tamper,0.25,refdiv_mean_clean,22,99,22.22,15.16,31.36,measured,23,23.5
weight_tamper,0.25,ctc_mean_clean,5,99,5.05,2.18,11.28,measured,23,23.5
weight_tamper,0.50,refdiv_mean_clean,59,99,59.6,49.75,68.73,measured,4,58.78
weight_tamper,0.50,ctc_mean_clean,11,99,11.11,6.32,18.81,measured,4,58.78
weight_tamper,1.00,refdiv_mean_clean,92,99,92.93,86.12,96.53,measured,0,86.25
weight_tamper,1.00,ctc_mean_clean,29,99,29.29,21.24,38.9,measured,0,86.25
bias_lift,0.10,refdiv_mean_clean,5,99,5.05,2.18,11.28,measured,99,0
bias_lift,0.10,ctc_mean_clean,6,99,6.06,2.81,12.6,measured,99,0
bias_lift,0.25,refdiv_mean_clean,5,99,5.05,2.18,11.28,measured,99,0
bias_lift,0.25,ctc_mean_clean,6,99,6.06,2.81,12.6,measured,99,0
bias_lift,0.50,refdiv_mean_clean,5,99,5.05,2.18,11.28,measured,99,0
bias_lift,0.50,ctc_mean_clean,6,99,6.06,2.81,12.6,measured,99,0
bias_lift,1.00,refdiv_mean_clean,5,99,5.05,2.18,11.28,measured,99,0
bias_lift,1.00,ctc_mean_clean,6,99,6.06,2.81,12.6,measured,99,0
